{  
   "image_generation":{  
      "q":99,
      "do_preprocessing":false,
      "nlevels":30,
      "ppm":5.0
   },
   "file_inputs":{  
      "data_file":"RB_a2s1.imzML",
      "database_load_folder":"/databases",
      "results_folder":"RB_a2s1/",
      "database_file":"hmdb_organic_database.csv"
   },
   "fdr":{
        "pl_adducts":[
         {  
         "adduct":"+H"
         },
         {  
         "adduct":"+Na"
         },
         {  
         "adduct":"+K"
         }
         ],
        "n_im":20
   },
   "isotope_generation":{  
        "adducts":[  
         {  
         "adduct":"+H"
         },
         {  
         "adduct":"+Na"
         },
         {  
         "adduct":"+K"
         },
         {
         "adduct":"+Ag"
         },
         {
         "adduct":"+Al"
         },
         {
         "adduct":"+Ar"
         },
         {
         "adduct":"+As"
         },
         {
         "adduct":"+Au"
         },
         {
         "adduct":"+B"
         },
         {
         "adduct":"+Ba"
         },
         {
         "adduct":"+Be"
         },
         {
         "adduct":"+Bi"
         },
         {
         "adduct":"+Br"
         },
         {
         "adduct":"+C"
         },
         {
         "adduct":"+Ca"
         },
         {
         "adduct":"+Cd"
         },
         {
         "adduct":"+Ce"
         },
         {
         "adduct":"+Cl"
         },
         {
         "adduct":"+Co"
         },
         {
         "adduct":"+Cr"
         },
         {
         "adduct":"+Cs"
         },
         {
         "adduct":"+Cu"
         },
         {
         "adduct":"+Dy"
         },
         {
         "adduct":"+Er"
         },
         {
         "adduct":"+Eu"
         },
         {
         "adduct":"+F"
         },
         {
         "adduct":"+Fe"
         },
         {
         "adduct":"+Ga"
         },
         {
         "adduct":"+Gd"
         },
         {
         "adduct":"+Ge"
         },
         {
         "adduct":"+He"
         },
         {
         "adduct":"+Hf"
         },
         {
         "adduct":"+Hg"
         },
         {
         "adduct":"+Ho"
         },
         {
         "adduct":"+I"
         },
         {
         "adduct":"+In"
         },
         {
         "adduct":"+Ir"
         },
         {
         "adduct":"+Kr"
         },
         {
         "adduct":"+La"
         },
         {
         "adduct":"+Li"
         },
         {
         "adduct":"+Lu"
         },
         {
         "adduct":"+Mg"
         },
         {
         "adduct":"+Mn"
         },
         {
         "adduct":"+Mo"
         },
         {
         "adduct":"+N"
         },
         {
         "adduct":"+Nb"
         },
         {
         "adduct":"+Nd"
         },
         {
         "adduct":"+Ne"
         },
         {
         "adduct":"+Ni"
         },
         {
         "adduct":"+O"
         },
         {
         "adduct":"+Os"
         },
         {
         "adduct":"+P"
         },
         {
         "adduct":"+Pb"
         },
         {
         "adduct":"+Pd"
         },
         {
         "adduct":"+Pr"
         },
         {
         "adduct":"+Pt"
         },
         {
         "adduct":"+Rb"
         },
         {
         "adduct":"+Re"
         },
         {
         "adduct":"+Rh"
         },
         {
         "adduct":"+Ru"
         },
         {
         "adduct":"+S"
         },
         {
         "adduct":"+Sb"
         },
         {
         "adduct":"+Sc"
         },
         {
         "adduct":"+Se"
         },
         {
         "adduct":"+Si"
         },
         {
         "adduct":"+Sm"
         },
         {
         "adduct":"+Sn"
         },
         {
         "adduct":"+Sr"
         },
         {
         "adduct":"+Ta"
         },
         {
         "adduct":"+Tb"
         },
         {
         "adduct":"+Te"
         },
         {
         "adduct":"+Th"
         },
         {
         "adduct":"+Ti"
         },
         {
         "adduct":"+Tl"
         },
         {
         "adduct":"+Tm"
         },
         {
         "adduct":"+U"
         },
         {
         "adduct":"+V"
         },
         {
         "adduct":"+W"
         },
         {
         "adduct":"+Xe"
         },
         {
         "adduct":"+Y"
         },
         {
         "adduct":"+Yb"
         },
         {
         "adduct":"+Zn"
         },
         {
         "adduct":"+Zr"
         }
      ],
      "charge":[  
         {  
            "polarity":"+",
            "n_charges":1
         }
      ],
      "isocalc_resolution":10000.0,
      "isocalc_do_centroid":true,
      "isocalc_sig":0.005
   },
   "name":"RBa2s1",
   "results_thresholds":{  
      "iso_corr_tol":0.5,
      "iso_ratio_tol":0.85,
      "measure_tol":0.99
   }
}
